Perusahaan,Tahun,LCS,STDDEVROA,ROA,MTB,LEV,AGE,PM
ADES,2016,2,0.011315368,0.045513403,1.534638959,0.499155026,31,0.063031804
ADES,2015,2,0.040986099,0.07290232,1.823391526,0.497310264,30,0.049033559
ADES,2014,3,0.076715959,0.050272188,2.742092096,0.41410278,29,0.053596851
ADES,2013,3,0.067411193,0.061444148,4.455784091,0.399683493,28,0.110752919
ADES,2012,3,0.072351979,0.126185769,5.415986152,0.462541185,27,0.174925205
ADES,2011,5,0.00792934,0.21428241,4.738089227,0.602130056,26,0.086396868
AISA,2016,2,0.018836801,-0.097058432,1.426959713,0.539209895,26,0.109878271
AISA,2015,2,0.014082191,0.077716243,0.954296635,0.562198853,25,0.06217876
AISA,2014,2,0.009415254,0.041248302,1.824305304,0.512628316,24,0.073567298
AISA,2013,1,0.014857134,0.051294343,1.77332225,0.530600356,23,0.085469719
AISA,2012,3,0.014563,0.069057987,1.55224045,0.474230629,22,0.092321254
AISA,2011,2,0.00728356,0.065587334,0.789324302,0.489509956,21,0.085549309
AKKU,2016,1,0.098232428,-0.017415756,0.61190218,0.271179077,15,0.202435713
AKKU,2015,1,0.075615761,0.019176388,29.28880477,0.661170479,14,-0.255693485
AKKU,2014,5,0.119421827,-0.176696752,19.96574713,0.957376248,13,-1.39507926
AKKU,2013,3,0.370686962,-0.065564939,28.63371558,0.945808485,12,-0.231097519
AKKU,2012,1,0.31855469,-0.032302248,9.652791878,0.630753478,11,-1.675720821
AKKU,2011,4,0.338419532,-0.253762579,6.007060687,0.495662882,10,-3.463069005
AKPI,2016,3,0.005239082,0.004856972,0.546411414,0.571837137,36,0.025592702
AKPI,2015,1,0.003790345,0.020028928,0.537214087,0.61584776,35,0.013702688
AKPI,2014,3,0.0012923,0.009588395,0.544868821,0.534878382,34,0.017832326
AKPI,2013,1,0.010023106,0.015577028,0.535102123,0.506211058,33,0.02081318
AKPI,2012,3,0.015004568,0.016607925,0.645110248,0.508251816,32,0.020617584
AKPI,2011,3,0.012459962,0.018145049,0.937088901,0.514247879,31,0.035104976
ALKA,2016,3,0.009595341,0.050477774,2.326283267,0.552737937,44,0.000448215
ALKA,2015,5,0.009618043,0.003778153,1.20303071,0.571091854,43,-0.00156917
ALKA,2014,1,0.018283328,-0.008127988,1.445060545,0.741767152,42,0.002161354
ALKA,2013,1,0.021975164,0.010859444,1.021131105,0.753385759,41,-0.000286912
ALKA,2012,4,0.00637251,-0.001304164,1.018549114,0.62925816,40,0.006121409
ALKA,2011,3,0.014147638,0.03464192,1.149972343,0.812133534,39,0.011419572
ALMI,2016,2,0.023528473,0.003554484,0.279240971,0.812499479,38,-0.040592997
ALMI,2015,5,0.017624229,-0.046414509,0.215830164,0.741844999,37,-0.016084189
ALMI,2014,1,0.004647048,-0.024491999,0.257533207,0.800451999,36,0.000584206
ALMI,2013,1,0.005649807,0.000606693,0.140566193,0.761147213,35,0.009096441
ALMI,2012,4,0.010827599,0.009490549,0.17027197,0.687556942,34,0.004329833
ALMI,2011,3,0.006459546,0.007413571,0.271265256,0.71163303,33,0.008968407
ALTO,2016,2,0.007869719,-0.056652686,1.500659037,0.587293755,19,-0.089386553
ALTO,2015,3,0.014367853,-0.022745439,1.401697421,0.570445581,18,-0.080673269
AMFG,2016,2,0.035185784,0.006153499,0.80788739,0.346169678,45,0.069935219
AMFG,2015,3,0.018932402,0.04731139,0.838499414,0.206087898,44,0.093111572
AMFG,2014,3,0.011331076,0.079935367,1.126476733,0.223016757,43,0.126396648
AMFG,2013,3,0.014830661,0.117622224,1.100434777,0.21999987,42,0.105201338
AMFG,2012,3,0.014119566,0.095603399,1.466043762,0.211313977,41,0.121306054
AMFG,2011,3,0.057172729,0.111255911,1.325144509,0.202704235,40,0.129799624
APLI,2016,3,0.037184974,0.007839543,0.681537588,0.216133586,24,0.078533958
APLI,2015,2,0.016825888,0.07984732,0.440059236,0.282091884,23,0.007113571
APLI,2014,3,0.015263848,0.00600827,0.539381686,0.175262027,22,0.03273441
APLI,2013,3,0.023064685,0.035245815,0.447816333,0.282848682,21,0.006682923
APLI,2012,1,0.030702029,0.006197696,0.590022329,0.345141638,20,0.012231518
APLI,2011,3,0.025366477,0.012590933,0.521204631,0.355110427,19,0.053127599
ARNA,2016,3,0.08856388,0.076300729,4.026570632,0.385641403,23,0.060434668
ARNA,2015,3,0.091661235,0.059211344,4.102602725,0.381645815,22,0.055119196
ARNA,2014,3,0.022669292,0.049770034,7.001568859,0.275366617,21,0.162540545
ARNA,2013,3,0.047162776,0.207669763,7.833510277,0.323062407,20,0.167671535
ARNA,2012,3,0.040264733,0.209380315,1.244190639,0.354774764,19,0.142488583
ARNA,2011,3,0.019182603,0.169288628,0.345668024,0.418918975,18,0.10398936
ASII,2016,3,0.015893001,0.078353842,2.394474878,0.46571194,59,0.101069117
ASII,2015,3,0.021069921,0.069893643,1.919364368,0.484454132,58,0.08476297
ASII,2014,3,0.015787386,0.063613584,2.498174779,0.490215185,57,0.109692069
ASII,2013,3,0.016710497,0.093738481,2.592460178,0.50378048,56,0.115004126
ASII,2012,3,0.006622278,0.10419451,3.425690915,0.508245828,55,0.120933992
ASII,2011,2,0.069806879,0.124768206,0.39502399,0.50600895,54,0.129653552
AUTO,2016,3,0.022967291,0.037106729,0.937730581,0.278924143,25,0.037747015
AUTO,2015,3,0.031623756,0.033083215,0.760253271,0.292604213,24,0.027525321
AUTO,2014,2,0.031647278,0.022504953,1.997017192,0.295138783,23,0.078039631
AUTO,2013,2,0.03737446,0.066505384,1.840409895,0.242431611,22,0.098861539
AUTO,2012,2,0.038474378,0.083851799,2.494089924,0.382422867,21,0.137229364
AUTO,2011,2,0.024807463,0.127894594,2.662291267,0.321835144,20,0.149597231
BAJA,2016,3,0.022454561,-0.023832015,3.022859221,0.800023092,23,0.035133239
BAJA,2015,3,0.055494926,0.035001437,0.93548372,0.829628937,22,-0.007472785
BAJA,2014,1,0.063780507,-0.009855667,2.838725224,0.806774474,21,0.011446854
BAJA,2013,3,0.066593785,0.01444426,11.46653965,0.793284804,20,-0.07330139
BAJA,2012,1,0.00814767,-0.091493738,3.571445387,0.686710552,19,0.017630784
BATA,2016,3,0.055992381,0.062702963,1.843292236,0.307660537,85,0.042240011
BATA,2015,4,0.05056296,0.052478453,2.13820788,0.311937477,84,0.125887518
BATA,2014,3,0.027813616,0.162864693,3.347582757,0.446224621,83,0.070169039
BATA,2013,3,0.02940214,0.091343727,3.472317022,0.416979763,82,0.049169734
BATA,2012,3,0.00835323,0.065189735,0.02012963,0.325059936,81,0.092279538
BATA,2011,3,0.009806353,0.120784589,0.020170385,0.313886451,80,0.083430341
BRNA,2016,5,0.098510018,0.176828886,-1.220413574,2.055781464,28,0.101157018
BRNA,2015,3,0.116931529,0.189155581,-0.14900067,3.029085698,27,-0.003468972
BRNA,2014,3,0.119740547,-0.007747955,-0.310438944,2.86355582,26,0.03505202
BRNA,2013,3,0.094263564,0.096570575,-0.295144385,2.728438685,25,-0.057853298
BRNA,2012,3,0.045300884,-0.136854187,-0.412100625,2.876290373,24,0.010771415
BRNA,2011,2,0.053932558,0.026205318,-0.406424277,3.080737518,23,0.013215625
BIMA,2016,2,0.130713883,-0.090735153,0.821287977,0.507657971,47,-0.006985355
BIMA,2015,5,0.133099563,-0.004564548,0.669235944,0.545297889,46,0.344327044
BIMA,2014,3,0.041462186,0.241748436,1.327738644,0.725373898,45,0.045278803
BIMA,2013,3,0.046343995,0.042725002,1.026378939,0.72813769,44,-0.012715319
BIMA,2012,3,0.003872541,-0.010860426,1.600238905,0.608208427,43,0.065110121
BIMA,2011,3,0.014989116,0.070739131,0.959739068,0.604782636,42,0.064469583
BTON,2016,5,0.04232869,0.061966348,0.632047879,0.190405996,21,-0.09519961
BTON,2015,4,0.062396489,-0.033700247,0.525134716,0.185738018,20,0.093437085
BTON,2014,5,0.067437417,0.034534227,0.662846801,0.158002502,19,0.079475571
BTON,2013,5,0.011937965,0.043812802,0.71316701,0.211875027,18,0.227947234
BTON,2012,5,0.042133055,0.146948264,1.113281163,0.219996248,17,0.159746575
BTON,2011,5,0.034171321,0.17065153,0.654545858,0.223985933,16,0.12461554
BUDI,2016,3,0.003500212,0.015544033,0.335981818,0.602640283,37,0.015652754
BUDI,2015,2,0.0057877,0.013174128,0.256445671,0.661583924,36,0.008858229
BUDI,2014,2,0.007934776,0.006452022,0.480201716,0.631264579,35,0.012476518
BUDI,2013,3,0.013773579,0.011505534,0.504779248,0.628549127,34,0.016693954
BUDI,2012,2,0.014390937,0.017997587,0.547086467,0.628583989,33,0.002214894
BUDI,2011,2,0.037671665,0.00221075,1.119572691,0.618030081,32,0.025145927
CEKA,2016,5,0.072099604,0.07713491,0.804924151,0.370307855,48,0.060671724
CEKA,2015,2,0.020558991,0.171853527,0.627643492,0.569334886,47,0.030567293
CEKA,2014,1,0.015644656,0.071710572,0.415076762,0.581395354,46,0.011075869
CEKA,2013,5,0.033644856,0.031928835,0.326629164,0.506113079,45,0.025695897
CEKA,2012,2,0.042555807,0.060823951,0.417293383,0.549084101,44,0.051929877
CEKA,2011,3,0.041610633,0.056772065,0.348869147,0.508042294,43,0.077780935
CPIN,2016,3,0.009395801,0.101815783,3.579073976,0.415110659,44,0.058860376
CPIN,2015,2,0.047496176,0.093030926,3.394104826,0.260063525,43,0.060868029
CPIN,2014,2,0.0669595,0.074239591,5.664150878,0.475454955,42,0.059918611
CPIN,2013,2,0.053115397,0.083721946,5.770391725,0.36707955,41,0.098534497
CPIN,2012,2,0.061329514,0.160835664,7.320120287,0.337864525,40,0.125798012
CPIN,2011,3,0.036053638,0.217098792,5.69607737,0.3004829,39,0.131557004
DLTA,2016,3,0.054698421,0.20865432,3.954363919,0.154803106,46,0.328412502
DLTA,2015,3,0.067970834,0.212481199,4.900331681,0.181735965,45,0.274543712
DLTA,2014,3,0.013773354,0.184957282,8.169207445,0.229320569,44,0.327634147
DLTA,2013,3,0.048620597,0.290412082,8.994068273,0.219693016,43,0.311969208
DLTA,2012,3,0.046746491,0.311978469,6.825948793,0.1973621,42,0.29643801
DLTA,2011,3,0.025934658,0.286353307,3.116354125,0.177014001,41,0.268973894
DPNS,2016,2,0.011102241,0.019330926,0.5031139,0.110982374,34,0.08633198
DPNS,2015,5,0.124833068,0.033800715,0.531079046,0.120907371,33,0.083217131
DPNS,2014,3,0.106618669,0.035919063,0.495118707,0.121969381,32,0.109356167
DPNS,2013,5,0.14957643,0.054001826,0.696560422,0.128698213,31,0.508730711
DPNS,2012,3,0.079915706,0.260609801,0.81880462,0.156739577,30,0.140489428
DPNS,2011,3,0.063241305,0.111616865,1.79235893,0.238816194,29,-0.05481385
DVLA,2016,3,0.017080466,0.098879068,1.820708707,0.295021612,40,0.10478706
DVLA,2015,3,0.02054501,0.099312277,1.495607679,0.292717629,39,0.082608211
DVLA,2014,3,0.036610215,0.078395798,1.966685456,0.221489658,38,0.073317521
DVLA,2013,3,0.017207656,0.065463812,2.693770688,0.231377122,37,0.114185605
DVLA,2012,3,0.004739873,0.1057065,2.249192466,0.216941329,36,0.136943025
DVLA,2011,3,0.02205452,0.138559849,1.769431556,0.211310382,35,0.134405327
EKAD,2016,2,0.01548494,0.095630974,0.696408618,0.157298883,35,0.15947877
EKAD,2015,3,0.011182938,0.129088551,0.957352527,0.250788521,34,0.088498454
EKAD,2014,2,0.016546932,0.120711499,1.317240617,0.335845302,33,0.077398633
EKAD,2013,2,0.011633153,0.099079125,1.146460165,0.30818824,32,0.094228796
EKAD,2012,3,0.011078938,0.114815134,1.273955848,0.299078547,31,0.094011076
EKAD,2011,3,0.010085778,0.132159951,1.32518067,0.378576145,30,0.079610602
ETWA,2016,3,0.05472118,-0.11441202,11.18052335,0.99387225,24,-0.281830824
ETWA,2015,2,0.088442729,-0.059096274,0.996742426,0.943143818,23,-0.56652886
ETWA,2014,2,0.076906627,-0.168249278,0.833764802,0.77314711,22,-0.142124
ETWA,2013,1,0.057102415,-0.106785186,0.79304416,0.654984481,21,0.006559509
ETWA,2012,2,0.038951791,0.006124589,0.685716951,0.544465235,20,0.038473924
ETWA,2011,1,0.049078425,0.040126459,1.10749206,0.394313266,19,0.080688047
FASW,2016,3,0.067552068,0.063593925,4.236455027,0.632021427,29,0.132433452
FASW,2015,2,0.034355759,0.09064342,1.053840295,0.65034686,28,-0.062277554
FASW,2014,3,0.030896992,-0.044168252,2.485907124,0.705307708,27,0.01589644
FASW,2013,3,0.035699693,0.015543065,3.220759739,0.726297346,26,-0.050204926
FASW,2012,3,0.031146971,-0.043755311,3.496763512,0.676069979,25,0.001327169
FASW,2011,3,0.025231257,0.000948753,6.016972172,0.634995292,24,0.032092059
GDST,2016,2,0.035933378,0.007991499,1.113537355,0.338599051,27,0.04186622
GDST,2015,5,0.063607905,0.025230231,0.601434592,0.320561893,26,-0.060421481
GDST,2014,2,0.043870132,-0.046634944,0.970305264,0.357424175,25,-0.011466074
GDST,2013,5,0.031173471,-0.010289431,0.797365466,0.257729728,24,0.065161729
GDST,2012,5,0.059765298,0.077117875,1.116878142,0.318776478,23,0.028272499
GDST,2011,5,0.167230774,0.040027664,1.419155866,0.237441296,22,0.047610613
GGRM,2016,3,0.00679205,0.116167692,3.107585549,0.371513883,45,0.087482879
GGRM,2015,3,0.007668541,0.105996963,2.784284713,0.40150127,44,0.091704419
GGRM,2014,2,0.005842124,0.101610771,3.514795081,0.429261808,43,0.082767855
GGRM,2013,2,0.020843596,0.092669828,2.747176758,0.420600245,42,0.079079597
GGRM,2012,2,0.019380574,0.086348441,4.071537357,0.359042504,41,0.082986319
GGRM,2011,1,0.004620103,0.098019204,4.862938802,0.371917591,40,0.118375999
GJTL,2016,3,0.026433852,0.002475266,0.637589457,0.687226114,65,0.045957269
GJTL,2015,2,0.018712173,0.033509916,0.345278551,0.69193064,64,-0.024157307
GJTL,2014,2,0.043516944,-0.017894624,0.829951137,0.627044168,63,0.02271242
GJTL,2013,2,0.040593097,0.018504638,1.022731168,0.627096949,62,0.009741019
GJTL,2012,3,0.014887741,0.007838703,1.415322475,0.574322291,61,0.090013782
GJTL,2011,3,0.021410323,0.087977095,2.359470302,0.616516344,60,0.057732129
HDTX,2016,2,0.030982795,-0.000209921,1.772513147,0.751565873,43,-0.238944851
HDTX,2015,2,0.034492083,-0.082968487,2.283224744,0.713846546,42,-0.253762754
HDTX,2014,1,0.048471135,-0.072905329,0.972447182,0.854409801,41,-0.089735819
HDTX,2013,2,0.059114166,-0.024985512,0.883210986,0.697267252,40,-0.206796189
HDTX,2012,2,0.008866966,-0.091920757,2.290687502,0.533526463,39,0.003600277
HDTX,2011,5,0.009364205,0.002276656,0.515163712,0.442335482,38,0.016998097
HMSP,2016,3,0.043961389,0.293700088,13.03578792,0.196038597,53,0.13368258
HMSP,2015,2,0.062750112,0.300229271,13.66051816,0.157709808,52,0.116351058
HMSP,2014,3,0.018060599,0.272641689,22.13009899,0.52438991,51,0.126175058
HMSP,2013,3,0.018716821,0.358733509,19.18173173,0.483479485,50,0.144198016
HMSP,2012,3,0.052333633,0.394769067,19.58455459,0.492964804,49,0.149270219
HMSP,2011,3,0.068304807,0.378904115,16.63400517,0.473492547,48,0.152571477
ICBP,2016,3,0.012181691,0.112056529,5.405211492,0.359876262,7,0.105358723
ICBP,2015,3,0.00423404,0.125642085,4.794808805,0.383037424,6,0.092093486
ICBP,2014,3,0.01437535,0.110055697,5.078840863,0.396233657,5,0.084326226
ICBP,2013,2,0.015950451,0.101632258,4.483411491,0.376243107,4,0.089064292
ICBP,2012,3,0.004588188,0.105091955,3.79506602,0.327472558,3,0.105096475
ICBP,2011,3,0.064119734,0.128080014,2.831148783,0.296467608,2,0.106694298
IGAR,2016,3,0.013506778,0.141078939,1.352635838,0.14953759,41,0.087419376
IGAR,2015,3,0.022802192,0.157704308,0.701445664,0.19136464,40,0.075909888
IGAR,2014,3,0.023311659,0.133918619,1.162433065,0.247055859,39,0.074402508
IGAR,2013,3,0.022751811,0.156901095,1.270474006,0.282779408,38,0.0544455
IGAR,2012,3,0.033275185,0.111297187,1.626872153,0.225117778,37,0.079985682
IGAR,2011,3,0.041299376,0.142496344,1.71629818,0.182782045,36,0.107887972
IKAI,2016,5,0.24895535,-0.189613773,-0.908474121,1.233367438,25,-1.735164255
IKAI,2015,4,0.122124877,-0.548466479,1.306879733,0.823011799,24,-0.771164758
IKAI,2014,4,0.019670029,-0.279170235,0.52269528,0.655465481,23,-0.101063336
IKAI,2013,4,0.007427382,-0.051125721,0.539383516,0.5738926,22,-0.203703456
IKAI,2012,4,0.015698112,-0.089383665,0.451518673,0.509512797,21,-0.197192069
IKAI,2011,4,0.023374923,-0.078190525,0.389013413,0.473613508,20,-0.239953263
IMAS,2016,2,0.006040356,-0.00204928,0.539882681,0.738238647,19,-0.020790082
IMAS,2015,2,0.017184686,-0.012206017,0.976525869,0.730618108,18,-0.001242524
IMAS,2014,2,0.027087953,-0.000904608,1.644280724,0.713394887,17,-0.003448082
IMAS,2013,1,0.023674216,-0.002858515,2.034553827,0.701552167,16,0.03091057
IMAS,2012,1,0.012673154,0.02783505,2.567419919,0.675244386,15,0.045452618
IMAS,2011,1,0.026363031,0.051149623,1.740475032,0.606302892,14,0.061540061
INAF,2016,1,0.008921019,-0.030253953,25.19217286,0.583277942,20,-0.010370437
INAF,2015,2,0.025742857,-0.012570194,0.878469925,0.613545291,19,0.004048161
INAF,2014,3,0.038843177,0.004280935,1.85862901,0.525800952,18,0.000843198
INAF,2013,1,0.044054806,0.000933096,0.802629063,0.543616455,17,-0.040540313
INAF,2012,1,0.010064448,-0.041886557,1.573226965,0.453060828,16,0.03666373
INAF,2011,3,0.015106754,0.035659133,0.829260859,0.453589629,15,0.030677465
INAI,2016,4,0.002540065,0.031840496,0.791949037,0.80731116,45,0.027678232
INAI,2015,2,0.009645768,0.026551243,0.534999237,0.819718679,44,0.020665972
INAI,2014,3,0.015695065,0.02151135,0.760274276,0.837462292,43,0.023631053
INAI,2013,3,0.02176886,0.02458392,0.376194003,0.835068717,42,0.007834431
INAI,2012,1,0.00544975,0.00655394,0.275812407,0.788936376,41,0.03974138
INAI,2011,2,0.041704346,0.037821909,0.403232901,0.80513284,40,0.047414137
INCI,2016,5,0.0316629,0.054492774,0.228133621,0.09847701,35,0.056732973
INCI,2015,2,0.014352793,0.037084778,0.358425027,0.09138966,34,0.124100809
INCI,2014,5,0.024033221,0.100035704,0.314224704,0.073467922,33,0.100235515
INCI,2013,2,0.112792414,0.074518724,0.344578891,0.073822717,32,0.127169688
INCI,2012,2,0.103587926,0.075889904,0.383152712,0.124879845,31,0.068759917
INCI,2011,4,0.052697977,0.033594495,0.34152731,0.110785446,30,-0.341496451
INDF,2016,3,0.012643926,0.058506856,1.583582762,0.465267023,26,0.078904584
INDF,2015,3,0.01041906,0.064094154,1.053734428,0.530427132,25,0.057904906
INDF,2014,2,0.018453721,0.040394635,1.437550654,0.520259356,24,0.080924088
INDF,2013,2,0.024932724,0.059883521,1.510192586,0.508621353,23,0.059386691
INDF,2012,3,0.005582077,0.043750967,1.504436794,0.42447315,22,0.095475444
INDF,2011,2,0.021088667,0.080564853,1.277749902,0.410102181,21,0.107907116
INDS,2016,3,0.028000509,0.046676592,0.257033775,0.165185148,38,0.030271994
INDS,2015,3,0.035556061,0.020004407,0.119688765,0.248593281,37,0.001165298
INDS,2014,3,0.012318034,0.000757194,0.574297917,0.199042484,36,0.068376489
INDS,2013,2,0.019525239,0.055924671,0.640950447,0.201979987,35,0.086703692
INDS,2012,3,0.012569597,0.067201099,1.087532565,0.317283185,34,0.090771428
INDS,2011,1,0.007145542,0.080532163,0.831317971,0.445257007,33,0.097503204
INTP,2016,3,0.027138662,0.064434551,2.168851613,0.133061354,31,0.251942827
INTP,2015,3,0.016339686,0.12836632,3.443546043,0.136491818,30,0.244782983
INTP,2014,3,0.014070427,0.157630952,3.713194731,0.141948272,29,0.263749718
INTP,2013,3,0.01047878,0.1825866,3.204179515,0.136412265,28,0.268162073
INTP,2012,3,0.006550225,0.188380825,4.255871398,0.146622656,27,0.275494225
INTP,2011,3,0.006054792,0.209332213,3.989144269,0.133179214,26,0.259327766
ISSP,2016,1,0.011234886,0.001377173,0.570520154,0.562207921,45,0.031579836
JKSW,2016,5,0.039478682,-0.015925299,-0.025466672,2.617070297,42,-0.011298944
JKSW,2015,5,0.032329643,-0.010598013,-0.023153775,2.660630868,41,-0.161055318
JKSW,2014,5,0.016150573,-0.087065055,-0.024434868,2.377900248,40,-0.111376756
JKSW,2013,5,0.025154357,-0.031793559,-0.036046694,2.554215315,39,-0.086893121
JKSW,2012,3,0.041520072,-0.030370511,-0.033064254,2.432349167,38,-0.190867472
JKSW,2011,3,0.019053194,-0.059028488,-0.036444832,2.333081811,37,-0.017964081
JPFA,2016,3,0.049336359,0.052530553,1.771297834,0.513118729,45,0.080241774
JPFA,2015,3,0.009416147,0.112804793,1.107982538,0.643946263,44,0.02096015
JPFA,2014,3,0.037760573,0.030565287,1.914462807,0.663709618,43,0.015734408
JPFA,2013,2,0.027848122,0.024465058,2.479559102,0.64838677,42,0.029919412
JPFA,2012,1,0.02896573,0.042945074,0.550558178,0.565447918,41,0.05969802
JPFA,2011,1,0.031546483,0.097119965,0.430887843,0.542081291,40,0.042952158
JPRS,2016,5,0.02270022,-0.041673249,0.328507737,0.12269893,43,-0.159654606
JPRS,2015,5,0.050478498,-0.054847551,0.270710048,0.084803128,42,-0.153423913
JPRS,2014,5,0.030333798,-0.060533502,0.510357782,0.04133741,41,-0.022097175
JPRS,2013,5,0.032189444,-0.018682162,0.558587507,0.037231583,40,0.077058685
JPRS,2012,4,0.032028699,0.039957144,0.712211759,0.128190374,39,0.02084066
JPRS,2011,4,0.042533472,0.024109378,1.07675939,0.228456693,38,0.058758499
KAEF,2016,2,0.01159888,0.054412699,6.724245038,0.507560626,45,0.046734548
KAEF,2015,3,0.00485597,0.058882225,2.594913402,0.424608192,44,0.052047978
KAEF,2014,2,0.009784741,0.078169033,4.492525291,0.389814254,43,0.052318026
KAEF,2013,3,0.006113208,0.0796888,2.017330342,0.342882519,42,0.049594908
KAEF,2012,3,0.008095064,0.087236086,2.851102287,0.305735849,41,0.055101958
KAEF,2011,3,0.029325918,0.099099014,1.507665813,0.301930627,40,0.049340696
KBRI,2016,3,0.048301591,-0.107326287,1.036362731,0.668315934,38,-0.636812072
KBRI,2015,1,0.049754543,-0.081315579,0.833375119,0.641979234,37,-0.645695847
KBRI,2014,1,0.042126793,-0.106973894,0.641611122,0.478921379,36,-0.504795946
KBRI,2013,1,0.044932703,-0.013488867,0.626625912,0.121094207,35,-2.040356627
KBRI,2012,4,0.365761622,-0.030702479,0.610577595,0.03954904,34,0.818591863
KBRI,2011,4,0.355563307,0.049330995,0.643620128,0.09354139,33,-0.766337296
KDSI,2016,3,0.040265364,0.051920227,0.337673431,0.632500918,43,0.02361874
KDSI,2015,1,0.0401941,0.041257517,0.204145299,0.678087395,42,0.006692487
KDSI,2014,1,0.023683267,0.009744818,0.371805129,0.583588091,41,0.052509504
KDSI,2013,2,0.013484564,0.089681467,0.396936001,0.585985796,40,0.025970132
KDSI,2012,3,0.017635849,0.042344553,0.63440228,0.446151375,39,0.028307183
KDSI,2011,3,0.010570657,0.064562534,0.355429796,0.524872803,38,0.020015764
KIAS,2016,5,0.095218959,-0.048257981,0.785726598,0.182634561,48,-0.292340645
KIAS,2015,5,0.069185327,-0.135776245,0.74090454,0.146350697,47,-0.204548715
KIAS,2014,3,0.009993228,-0.077066448,1.036744514,0.100208846,46,0.132074871
KIAS,2013,3,0.024846912,0.050469764,1.130384381,0.098552937,45,0.082736621
KIAS,2012,2,0.021506107,0.033185144,1.32261518,0.078594307,44,0.091048942
KIAS,2011,2,0.015685511,0.033136928,0.622042018,0.047160079,43,-0.031112654
KICI,2016,1,0.074511793,0.053185086,0.37209405,0.36334808,42,0.003651935
KICI,2015,1,0.092886277,0.002595944,0.369491337,0.30232168,41,-0.141722596
KICI,2014,3,0.025849942,-0.097143389,0.470055404,0.186733355,40,0.045677848
KICI,2013,3,0.03687408,0.048617211,0.503672929,0.247407954,39,0.074921978
KICI,2012,2,0.017000576,0.07548142,0.55982025,0.299074321,38,0.023837335
KICI,2011,1,0.050755056,0.023794981,0.386328558,0.264490349,37,0.004076213
KLBF,2016,3,0.01082157,0.147641795,5.697743978,0.181410771,50,0.121340813
KLBF,2015,3,0.012926859,0.154399285,5.656751091,0.20137612,49,0.11503555
KLBF,2014,3,0.0094256,0.15023595,8.737630351,0.209863171,48,0.122122613
KLBF,2013,3,0.007340602,0.170711071,6.8934344,0.248792582,47,0.123136877
KLBF,2012,3,0.002941191,0.174144214,7.301882626,0.217277858,46,0.130173519
KLBF,2011,3,0.023200325,0.188480242,1.059877016,0.212533392,45,0.139568946
KRAH,2016,2,0.042685287,-0.083223161,12.86568359,0.70244607,26,0.002645488
KRAH,2015,1,0.057253573,0.001381034,12.04551509,0.669053427,25,-0.026923066
KRAH,2014,1,0.018112788,-0.014290966,4.214067173,0.61047598,24,0.110946631
KRAH,2013,1,0.045052633,0.066221664,1.817773666,0.529387554,23,0.103174602
LION,2016,3,0.009956586,0.013612592,1.160249067,0.315260726,44,0.111688916
LION,2015,3,0.031023751,0.061744845,1.20109416,0.288944068,43,0.118223498
LION,2014,2,0.057898363,0.071979458,0.108957596,0.260161727,42,0.129763492
LION,2013,3,0.035420427,0.081655405,0.150123981,0.178077168,41,0.194085493
LION,2012,3,0.03649543,0.129894747,0.145487801,0.14225623,40,0.25566969
LION,2011,3,0.010586148,0.196941878,0.090407065,0.174282502,39,0.195724112
LMPI,2016,3,0.003226053,-0.037314264,0.333559983,0.496310665,44,0.016829986
LMPI,2015,3,0.010608463,0.00855545,0.143693644,0.494117867,43,0.008765413
LMPI,2014,3,0.009901525,0.005003252,0.442187371,0.506571129,42,0.003330931
LMPI,2013,4,0.011837776,0.002114732,0.545597084,0.516631883,41,-0.017808333
LMPI,2012,1,0.002560601,-0.014644326,0.628075088,0.497688664,40,0.00391247
LMSH,2016,2,0.019377664,0.080459408,0.482796665,0.279507534,34,0.039611108
LMSH,2015,3,0.043584811,0.038401309,0.490922482,0.159522612,33,0.011136626
LMSH,2014,3,0.142917882,0.014534336,0.053401771,0.171277461,32,0.029722791
LMSH,2013,2,0.21723651,0.052911295,0.069522336,0.220395438,31,0.056136983
LMSH,2012,5,0.221014508,0.101504184,0.103357906,0.241330778,30,0.185057775
LMSH,2011,5,0.274494025,0.321145459,0.083912152,0.416413116,29,0.195724112
LPIN,2016,1,0.057311637,0.716023462,1.676276109,0.892024102,34,-0.45177338
LPIN,2015,2,0.050670262,-0.134014915,1.194837726,0.640521543,33,-0.233624054
LPIN,2014,5,0.059427094,-0.056082046,0.953565026,0.249551982,32,-0.058878499
LPIN,2013,4,0.026423953,-0.022256159,0.714948846,0.269769266,31,0.110771352
LPIN,2012,5,0.013372287,0.043561082,1.623032177,0.217179248,30,0.241499216
LPIN,2011,3,0.011929438,0.096360142,0.38185242,0.248556504,29,0.179792686
MAIN,2016,3,0.054371717,0.011958594,1.583812539,0.531202594,19,0.055320562
MAIN,2015,1,0.074579182,0.074042835,2.204653342,0.541000996,18,-0.013004615
MAIN,2014,1,0.098390852,-0.015672933,3.530716799,0.693934055,17,-0.018844914
MAIN,2013,2,0.03083134,-0.024033106,6.239686835,0.610511336,16,0.057626495
MAIN,2012,2,0.015991246,0.109118853,5.903796601,0.621158106,15,0.090286611
MAIN,2011,2,0.0513199,0.168022738,3.937893472,0.682313498,14,0.077802007
MBTO,2016,2,0.017872301,-0.031627748,0.448940632,0.378940483,39,0.012858253
MBTO,2015,2,0.02407904,0.012414251,0.3449915,0.330846028,38,-0.020231576
MBTO,2014,5,0.035814831,-0.021662141,0.471626245,0.267417618,37,0.00435668
MBTO,2013,1,0.029113208,0.004722554,0.723103585,0.262273971,36,0.025203877
MBTO,2012,5,0.019526227,0.026419839,0.935652785,0.287010367,35,0.063421308
MBTO,2011,4,0.017820148,0.074689952,1.095265043,0.260547052,34,0.065794318
MERK,2016,3,0.023669609,0.170810125,7.07361377,0.21676954,46,0.14866817
MERK,2015,3,0.017532502,0.206796116,0.827900392,0.261987641,45,0.14494481
MERK,2014,3,0.036478056,0.222155644,6.472926112,0.227348412,44,0.210230132
MERK,2013,3,0.10575966,0.253254932,8.265220783,0.265052976,43,0.146944528
MERK,2012,3,0.103709612,0.25173353,8.170045503,0.268143285,42,0.115938103
MERK,2011,5,0.061196557,0.189326124,6.005887996,0.154361107,41,0.251660836
MLBI,2016,3,0.098421113,0.526703553,30.16822236,0.639285146,87,0.300960895
MLBI,2015,3,0.216740831,0.431697844,22.54122743,0.635157719,86,0.18429169
MLBI,2014,3,0.164035728,0.236527258,45.46548645,0.751777525,85,0.265980503
MLBI,2013,3,0.14626249,0.35628186,256.0319503,0.445874866,84,0.3288132
MLBI,2012,3,0.014041953,0.657200749,472.6893495,0.713681201,83,0.289348838
MLBI,2011,3,0.03694419,0.393564331,142.6473029,0.565643551,82,0.272969469
MLIA,2016,4,0.677320459,0.009164634,0.451088053,791.1460786,30,0.00156023
MLIA,2015,4,0.041652831,1.170385307,0.611006514,0.843509641,29,-0.027285954
MLIA,2014,4,0.043151086,-0.02187988,0.52556724,0.816972388,28,0.022206051
MLIA,2013,4,0.034940171,0.0173265,0.472455394,0.83447441,27,-0.091215081
MLIA,2012,3,0.203736466,-0.065932167,0.251222514,0.811316257,26,-0.006628658
MLIA,2011,3,0.23752247,-0.00462939,0.674709219,0.715336888,25,-0.009817003
MRAT,2016,1,0.013136927,-0.002580317,0.243518369,0.235898974,38,-0.01611524
MRAT,2015,1,0.015071625,-0.011488693,0.236121634,0.241533745,37,0.002443373
MRAT,2014,1,0.041895205,0.002104227,0.390160477,0.230242451,36,0.016956925
MRAT,2013,3,0.047337819,0.014779822,0.526798753,0.140570263,35,-0.01870946
MRAT,2012,3,0.002183718,-0.015242541,0.543475568,0.152777664,34,0.067113895
MRAT,2011,3,0.004325675,0.067515358,0.597049796,0.151633203,33,0.06858664
MYOR,2016,3,0.047508759,0.109343674,5.870480172,0.515163949,39,0.075677339
MYOR,2015,3,0.047937786,0.107462529,5.251289652,0.542044422,38,0.084368436
MYOR,2014,1,0.043097706,0.110223439,4.265125016,0.584366515,37,0.081116744
MYOR,2013,3,0.017893883,0.026590144,5.903645532,0.594353611,36,0.088070668
MYOR,2012,2,0.018427002,0.109004796,3.33646802,0.695100643,35,0.070826269
MYOR,2011,1,0.022679192,0.089663095,3.861581043,0.632617267,34,0.051141634
MYTX,2016,1,0.071677512,-0.082829368,-0.096723538,1.571056646,29,-0.274910488
MYTX,2015,1,0.055991428,-0.220089186,-0.131707292,1.292094021,28,-0.139526436
MYTX,2014,1,0.029109337,-0.135713353,-0.698464625,1.131670736,27,-0.07433851
MYTX,2013,2,0.025414402,-0.077534262,-4.319658207,1.049419795,26,-0.026199518
MYTX,2012,1,0.008356026,-0.023759369,-9.027200738,1.033785937,25,-0.083059631
MYTX,2011,1,0.038974994,-0.069966652,8.622283008,0.965489945,24,-0.061583026
PICO,2016,3,0.00220725,0.023359442,0.474638469,0.583688221,33,0.019488244
PICO,2015,3,0.000578106,0.021538002,0.294434053,0.592116619,32,0.021414527
PICO,2014,3,0.003828453,0.024720527,0.393507256,0.631197851,31,0.026729693
PICO,2013,1,0.003083668,0.025778699,0.409692156,0.653950997,30,0.02255738
PICO,2012,4,0.001900858,0.0248461,0.742179046,0.665140238,29,0.018773291
PICO,2011,4,0.001096345,0.018730693,0.583757485,0.665537911,28,0.020330475
PSDN,2016,2,0.011673921,0.046528945,0.688441285,0.571295894,42,-0.039298907
PSDN,2015,1,0.052301522,-0.056075806,0.541688724,0.477240974,41,-0.046308141
PSDN,2014,3,0.046167794,-0.068697467,0.543934935,0.390308663,40,-0.028895292
PSDN,2013,3,0.003252538,-0.045376006,0.51724171,0.387533103,39,0.016663825
PSDN,2012,2,0.003298356,0.031271983,0.720743083,0.399984448,38,0.019633036
PSDN,2011,3,0.034500634,0.037537338,2.16395334,0.510428206,37,0.011119789
PYFA,2016,3,0.008014807,0.044668003,1.014285156,0.368448313,40,0.023721039
PYFA,2015,3,0.010596342,0.030804686,0.592054345,0.367170451,39,0.014171176
PYFA,2014,3,0.012744868,0.019300249,0.748100601,0.441004832,38,0.01195518
PYFA,2013,1,0.004229826,0.015385651,0.837653818,0.463785681,37,0.03217666
PYFA,2012,1,0.002378412,0.03538053,1.079854619,0.354392424,36,0.030035602
PYFA,2011,2,0.003082896,0.039074277,1.142927443,0.301917001,35,0.034230545
RICY,2016,2,0.001078523,0.012047456,0.239575077,0.679906716,29,0.011488504
RICY,2015,3,0.002573018,0.010889735,0.255032314,0.666098238,28,0.012119795
RICY,2014,2,0.006180159,0.011238343,0.281744035,0.661488572,27,0.012747576
RICY,2013,1,0.006794197,0.012907538,0.291238099,0.656543674,26,0.008860678
RICY,2012,2,0.001259051,0.007857302,0.304282867,0.564441582,25,0.022638761
RICY,2011,2,0.007174853,0.020152498,0.337117482,0.454516809,24,0.019808162
RMBA,2016,1,0.045736372,-0.034086673,1.866059221,0.299130952,29,-0.108472259
RMBA,2015,1,0.022677057,-0.154837787,-1.172654019,1.248573376,28,-0.050967114
RMBA,2014,1,0.03341062,-0.067652779,-2.938866498,1.118379421,27,-0.065182081
RMBA,2013,1,0.081017114,-0.087275967,4.679631066,0.904477527,26,-0.084903103
RMBA,2012,1,0.053768233,-0.112875454,2.182613896,0.722600392,25,-0.032827479
RMBA,2011,3,0.023515731,-0.046621915,2.545118441,0.645200623,24,0.030386463
ROTI,2016,3,0.006075894,0.029687868,5.613495098,0.50584615,21,0.110938198
ROTI,2015,2,0.007314288,0.095825953,5.38745368,0.560830443,20,0.124414112
ROTI,2014,2,0.021045248,0.099965391,7.30177041,0.551950665,19,0.100293167
ROTI,2013,2,0.019560987,0.088001318,6.557588097,0.568035123,18,0.104957276
ROTI,2012,2,0.04107736,0.086693488,2.095770893,0.446773277,17,0.174251877
ROTI,2011,2,0.04401289,0.123781241,1.096207623,0.526274778,16,0.12804909
SIAP,2016,4,0.041584556,-0.04658093,-1951.376121,1.004463392,22,-1.016486197
SIAP,2015,1,0.05749355,-0.110383695,82.26518701,0.912892409,21,-0.151330413
SIAP,2014,2,0.035308381,-0.132555994,33.58241562,0.801055196,20,-0.083060556
SIAP,2013,1,0.023326552,-0.052049979,3.696975815,0.633107193,19,-0.023521954
SIAP,2012,2,0.00439337,-0.021200167,0.459386378,0.42618175,18,0.015640811
SIAP,2011,1,0.003566174,0.0183864,0.38670573,0.37265622,17,0.01566973
SIDO,2016,5,0.006986093,0.169020118,2.82825426,0.076893802,41,0.187572751
SIPD,2016,1,0.094735672,-0.158469955,0.796784421,0.554835701,31,0.005376065
SIPD,2015,3,0.094014699,0.005082862,1.087167395,0.673200985,30,-0.171323013
SIPD,2014,4,0.001914817,-0.161133935,3.867337579,0.540505006,29,0.000823785
SIPD,2013,2,0.003187828,0.000736922,3.653785824,0.592759686,28,0.002173565
SIPD,2012,1,0.013465901,0.002654739,3.677760601,0.612871411,27,0.003458854
SIPD,2011,2,0.010612647,0.004566555,3.694167412,0.518825336,26,0.005820676
SKBM,2016,1,0.059477735,0.015945796,1.627028239,0.632220129,43,0.015019131
SKBM,2015,2,0.044241512,0.02250816,1.157671589,0.549909053,42,0.029473811
SKBM,2014,2,0.04906637,0.052519811,2.857522825,0.510557167,41,0.060182406
SKBM,2013,2,0.043553486,0.137199885,2.066153348,0.595854153,40,0.044937657
SKLT,2016,2,0.008906617,0.036101344,0.718376306,0.478827032,40,0.024759983
SKLT,2015,3,0.008031908,0.036333456,1.680913827,0.596816933,39,0.026931397
SKLT,2014,3,0.009067796,0.053211933,1.351142389,0.537455608,38,0.024185857
SKLT,2013,3,0.005045339,0.049704352,0.890318476,0.537565515,37,0.020174664
SKLT,2012,3,0.003821746,0.03788216,0.960231935,0.481543975,36,0.019821294
SKLT,2011,3,0.023001747,0.031883109,0.786846184,0.426336983,35,0.017326283
SMBR,2016,2,0.030679524,0.028979972,8.795018914,0.285684238,42,0.164229837
SMBR,2015,3,0.00340044,0.057243664,0.970641645,0.097689749,41,0.24238185
SMBR,2014,3,0.078178736,0.108356085,1.379394422,0.071458633,40,0.270254573
SMBR,2013,2,0.079390558,0.112199531,1.315967092,0.090159367,39,0.26714166
SMCB,2016,2,0.026672909,-0.038623736,0.855595648,0.592139819,45,-0.030193681
SMCB,2015,2,0.026212818,-0.01445034,0.902333081,0.512177046,44,0.021591896
SMCB,2014,2,0.036616186,0.011516742,1.911658461,0.490529152,43,0.063528027
SMCB,2013,2,0.024192425,0.038889306,1.98714269,0.410952043,42,0.098315016
SMCB,2012,3,0.015857079,0.063925014,2.639850578,0.308210195,41,0.149903408
SMCB,2011,3,0.022093345,0.111007036,2.214193146,0.312610446,40,0.141356338
SMGR,2016,3,0.030854034,0.041725485,1.779976425,0.308692352,63,0.173528113
SMGR,2015,3,0.029037002,0.102540247,2.464189526,0.280771817,62,0.167932325
SMGR,2014,3,0.011592723,0.118612611,3.842867146,0.271665883,61,0.206308689
SMGR,2013,3,0.013807533,0.162172684,3.849344197,0.291534338,60,0.218531729
SMGR,2012,3,0.024513141,0.173654224,5.175631395,0.316573333,59,0.251381648
SMGR,2011,3,0.027957265,0.185357776,4.646969096,0.256668078,58,0.241487412
SPMA,2016,3,0.029675871,0.042414753,0.380139996,0.485117408,40,0.041948851
SPMA,2015,3,0.023132256,0.037549316,0.204178926,0.636022818,39,-0.026270067
SPMA,2014,2,0.021423692,-0.019491209,0.365315898,0.615384052,38,0.031340211
SPMA,2013,3,0.020908944,0.023233135,0.414712722,0.572445203,37,-0.017091173
SPMA,2012,2,0.002074935,-0.013500331,0.555096419,0.531654379,36,0.031293745
SPMA,2011,3,0.001262021,0.023969101,0.476526287,0.515741382,35,0.027806448
SRSN,2016,3,0.008175542,0.02711483,0.748656337,0.439372797,34,0.022088261
SRSN,2015,1,0.005552974,0.015416657,0.885086289,0.407602082,33,0.029167731
SRSN,2014,2,0.005537339,0.027008376,0.915348679,0.29030219,32,0.030573609
SRSN,2013,3,0.015340448,0.031199633,0.957453337,0.252878629,31,0.040768957
SRSN,2012,1,0.019878191,0.038010833,1.118110578,0.330519412,30,0.044139642
SRSN,2011,5,0.021437998,0.042167775,1.288771433,0.301626049,29,0.061927338
SSTM,2016,3,0.003724861,-0.039148181,1.602646581,0.607997591,44,-0.033393446
SSTM,2015,3,0.001186841,-0.02173384,0.249444508,0.661868921,43,-0.020668867
SSTM,2014,3,0.0005224,-0.014492875,0.465885272,0.665397307,42,-0.024699784
SSTM,2013,3,0.006713368,-0.016596751,0.340443041,0.661152858,41,-0.023055625
SSTM,2012,3,0.020612261,-0.016496683,0.550652001,0.648343997,40,-0.025496691
SSTM,2011,3,0.032355397,-0.017447381,0.704717307,0.645414187,39,-0.059769588
STAR,2016,5,0.00013636,0.000967499,0.548542446,0.290010244,8,0.00357239
STAR,2015,5,0.000187935,0.000670188,0.49012005,0.328309735,7,0.001185036
STAR,2014,1,0.000390216,0.000420956,0.489622786,0.368266446,6,0.001526173
STAR,2013,3,0.001525279,0.000449683,0.489971559,0.346380361,5,0.002077232
STAR,2012,1,0.003173314,0.00075988,0.490541849,0.349153289,4,0.0044977
STAR,2011,1,0.017905771,0.001224974,0.796176298,0.320407739,3,0.011751689
STTP,2016,2,0.013406134,0.092222117,24.79880712,0.499868863,29,0.066249374
STTP,2015,2,0.012691769,0.074548819,3.915159643,0.474460181,28,0.072989356
STTP,2014,2,0.009335555,0.096743224,4.614516328,0.519120195,27,0.056884331
STTP,2013,2,0.016139011,0.07261799,2.925251255,0.527822881,26,0.067517065
STTP,2012,2,0.010272876,0.077845201,2.385158063,0.53618787,25,0.058132022
STTP,2011,2,0.014928952,0.05970855,1.844448615,0.475734896,24,0.041525561
TCID,2016,3,0.102898204,0.075842932,1.409483973,0.183946886,47,0.064136902
TCID,2015,5,0.092601513,0.074165722,1.934605624,0.176372857,46,0.235205263
TCID,2014,2,0.012658564,0.261502859,2.745369025,0.307425014,45,0.075519507
TCID,2013,3,0.007453481,0.094059502,2.022580023,0.193022474,44,0.078972589
TCID,2012,3,0.003273325,0.109245334,2.01649328,0.130592033,43,0.081232543
TCID,2011,3,0.00091228,0.119195526,1.517242174,0.097670593,42,0.08463242
TIRT,2016,2,0.022296704,0.001165352,0.65652674,0.844597434,35,0.034365748
TIRT,2015,3,0.059776238,0.035525238,0.555814418,0.883162364,34,0.019590553
TIRT,2014,5,0.059329092,0.011377249,0.902357328,0.855882318,33,0.08101881
TIRT,2013,1,0.02735539,0.055917919,0.80222715,0.896886085,32,-0.111538036
TIRT,2012,2,0.005369044,-0.062434113,0.536384048,1.105580753,31,-0.017156601
TIRT,2011,3,0.022596892,-0.010635137,0.470901248,1.100038737,30,-0.04633499
TOTO,2016,3,0.04039269,0.098686259,3.372561149,0.409680657,39,0.08147083
TOTO,2015,2,0.014245231,0.06529864,48.08711776,0.388596869,38,0.125176658
TOTO,2014,3,0.009743535,0.116922322,3.188960236,0.392690195,37,0.143065623
TOTO,2013,3,0.014084355,0.144924557,1.836224864,0.406904335,36,0.13823209
TOTO,2012,3,0.011462077,0.135471616,1.828303911,0.410135821,35,0.149639256
TOTO,2011,3,0.009591415,0.154955825,0.162375475,0.432249722,34,0.162545396
TRIS,2016,2,0.015963397,0.026054523,1.013476762,0.458142021,12,0.02795515
TRIS,2015,3,0.023405304,0.03941374,0.952691989,0.426812708,11,0.043557697
TRIS,2014,2,0.02726188,0.065201843,1.200309968,0.409219248,10,0.048129035
TRIS,2013,2,0.007017747,0.068608725,1.420580984,0.371267435,9,0.071901967
TSPC,2016,3,0.012118454,0.074962617,1.912508654,0.296172375,46,0.059693507
TSPC,2015,3,0.017042106,0.082828651,1.81571225,0.309892136,45,0.064684939
TSPC,2014,3,0.016387529,0.084207075,3.119903765,0.261123166,44,0.0777801
TSPC,2013,3,0.011239839,0.104473667,3.785964866,0.285691214,43,0.093150318
TSPC,2012,3,0.000879737,0.118073239,4.999021698,0.276242832,42,0.095791636
TSPC,2011,3,0.015476238,0.137098673,3.767315188,0.283372366,41,0.101435118
ULTJ,2016,3,0.036270477,0.13720633,3.783038813,0.176912203,45,0.151478332
ULTJ,2015,3,0.025619166,0.167443314,4.073152385,0.209743241,44,0.119050576
ULTJ,2014,3,0.02466876,0.147768593,4.743627949,0.223506044,43,0.072345201
ULTJ,2013,3,0.050995064,0.097138429,6.450011838,0.283279451,42,0.093961183
ULTJ,2012,3,0.055565688,0.115637002,2.291383396,0.307450555,41,0.125783033
ULTJ,2011,3,0.009131392,0.145998259,2.22429313,0.356434335,40,0.048194472
UNIT,2016,5,0.000647194,0.002491,0.111268705,0.4363272,28,0.008267959
UNIT,2015,1,0.000545435,0.001988338,0.080707181,0.4724136,27,0.003263594
UNIT,2014,5,0.000468228,0.000838046,0.099250596,0.451693784,26,0.003868266
UNIT,2013,2,0.004880685,0.000899187,0.078155368,0.474521211,25,0.008164556
UNIT,2012,2,0.004383011,0.001811852,0.108227576,0.46417552,24,0.003987145
UNIT,2011,3,0.002383575,0.001173878,0.094249208,0.275533771,23,0.02259545
UNVR,2016,3,0.015221197,0.370486036,62.93107223,0.719076575,83,0.159552473
UNVR,2015,3,0.016980678,0.381630742,58.48124026,0.693110179,82,0.160393602
UNVR,2014,3,0.001419055,0.372016876,53.59005928,0.677971552,81,0.16627841
UNVR,2013,3,0.003260819,0.401838499,46.62641286,0.681254864,80,0.174027028
UNVR,2012,3,0.007271806,0.401000121,40.08842433,0.668888448,79,0.177236972
UNVR,2011,3,0.008731656,0.403767499,38.96942545,0.648843022,78,0.177436845
WIIM,2016,3,0.00980249,0.033115273,0.932247619,0.267827718,22,0.063050533
WIIM,2015,2,0.011744414,0.078522183,0.95680526,0.297155769,21,0.071262214
WIIM,2014,2,0.021836547,0.097625015,1.536028263,0.358976534,20,0.067591079
WIIM,2013,5,0.055797866,0.084255515,1.800599815,0.364237473,19,0.083325162
WTON,2016,1,0.02312863,0.048169215,2.887103944,0.465753462,19,0.08087
WTON,2015,3,0.442336218,0.06038235,3.176716451,0.492061123,18,0.06476008
WTON,2014,2,0.431324986,0.038550328,5.09040406,0.41459293,17,0.098377987